Taxa,Acc
hpev_4/KC893353/Netherlands/2009,KC893353
hpev_4/FJ373164/Netherlands/2004,FJ373164
hpev_6/LC129277/Japan/Yamagata/2004,LC129277
hpev_6/LC062402/Japan/Niigata/2006,LC062402
hpev_6/KC893388/Netherlands/2007,KC893388
hpev_6/KC893377/Netherlands/2007,KC893377
hpev_3/KY556670/Australia/2015,KY556670
hpev_3/KY556662/Australia/2015,KY556662
hpev_3/KY556666/Australia/2015,KY556666
hpev_3/KY556664/Australia/2015,KY556664
hpev_3/KY556667/Australia/2015,KY556667
hpev_3/KY556668/Australia/2015,KY556668
hpev_3/KY556665/Australia/2015,KY556665
hpev_3/KP772256/USA/2014,KP772256
hpev_3/KF574285/SouthKorea/Jinju/2013,KF574285
hpev_3/KF574278/SouthKorea/Jinju/2013,KF574278
hpev_3/KF574281/SouthKorea/Jinju/2013,KF574281
hpev_3/KF574277/SouthKorea/Jinju/2012,KF574277
hpev_3/KF574284/SouthKorea/Jinju/2013,KF574284
hpev_3/LC133410/Japan/Kanagawa/YokohamaCity/2011,LC133410
hpev_3/AB759160/Japan/Yamagata/2011,AB759160
hpev_3/AB759149/Japan/Yamagata/2011,AB759149
hpev_3/AB759207/Japan/Yamagata/2011,AB759207
hpev_3/AB759169/Japan/Yamagata/2011,AB759169
hpev_3/AB759196/Japan/Yamagata/2011,AB759196
hpev_3/AB759159/Japan/Yamagata/2011,AB759159
hpev_3/KC887317/Taiwan/2011,KC887317
hpev_3/LC133399/Japan/Kanagawa/YokohamaCity/2011,LC133399
hpev_3/KC196296/SouthKorea/2011,KC196296
hpev_3/LC133423/Japan/Kanagawa/YokohamaCity/2014,LC133423
hpev_3/AB905420/Japan/Niigata/2013,AB905420
hpev_3/LC028042/Japan/2014,LC028042
hpev_3/LC028025/Japan/2014,LC028025
hpev_unknown/AB300947//2002,AB300947
hpev_3/JF919657/USA/2009,JF919657
hpev_3/JF919645/USA/2009,JF919645
hpev_3/JF919648/USA/2009,JF919648
hpev_3/JF919635/USA/2009,JF919635
hpev_3/JQ229436/France/Lyon/2009,JQ229436
hpev_3/JF919660/USA/2009,JF919660
hpev_3/JF919636/USA/2009,JF919636
hpev_3/JF919668/USA/2009,JF919668
hpev_3/JF919653/USA/2009,JF919653
hpev_3/JF919654/USA/2009,JF919654
hpev_3/KC887314/Taiwan/2007,KC887314
hpev_3/KC893415/Netherlands/2008,KC893415
hpev_3/KC893414/Netherlands/2008,KC893414
hpev_3/FJ373196/Netherlands/2006,FJ373196
hpev_3/FJ373199/Netherlands/2006,FJ373199
hpev_3/JF919634/USA/2009,JF919634
hpev_3/JF919659/USA/2009,JF919659
hpev_3/FJ373148/Netherlands/2004,FJ373148
hpev_3/FJ373140/Netherlands/2004,FJ373140
hpev_3/FJ373155/Netherlands/2004,FJ373155
hpev_3/FJ373154/Netherlands/2004,FJ373154
hpev_3/FJ373195/Netherlands/2006,FJ373195
hpev_3/FJ373192/Netherlands/2006,FJ373192
hpev_3/JF919643/USA/2009,JF919643
hpev_3/AB759191/Japan/Yamagata/2008,AB759191
hpev_unknown/AB300974//2006,AB300974
hpev_3/LC027488/Japan/Niigata/2014,LC027488
hpev_3/LC027484/Japan/Niigata/2014,LC027484
hpev_3/LC133434/Japan/Kanagawa/YokohamaCity/2014,LC133434
hpev_3/LC027487/Japan/Niigata/2014,LC027487
hpev_3/LC062442/Japan/Niigata/2014,LC062442
hpev_3/LC027502/Japan/Niigata/2014,LC027502
hpev_3/LC133420/Japan/Kanagawa/YokohamaCity/2014,LC133420
hpev_3/LC027481/Japan/Niigata/2014,LC027481
hpev_3/LC027495/Japan/Niigata/2014,LC027495
hpev_3/LC027482/Japan/Niigata/2014,LC027482
hpev_3/LC027507/Japan/Niigata/2014,LC027507
hpev_3/LC064072/Japan/Chiba/2014,LC064072
hpev_3/LC027491/Japan/Niigata/2014,LC027491
hpev_3/LC133419/Japan/Kanagawa/YokohamaCity/2014,LC133419
hpev_3/LC062440/Japan/Niigata/2014,LC062440
hpev_3/LC129276/Japan/Yamagata/2004,LC129276
hpev_3/LC027515/Japan/Niigata/2014,LC027515
hpev_3/AB759186/Japan/Yamagata/2008,AB759186
hpev_3/LC027490/Japan/Niigata/2014,LC027490
hpev_3/LC027493/Japan/Niigata/2014,LC027493
hpev_3/LC043121/Japan/Yamagata/2014,LC043121
hpev_3/LC043126/Japan/Yamagata/2014,LC043126
hpev_3/LC027489/Japan/Niigata/2014,LC027489
hpev_3/LC062448/Japan/Niigata/2014,LC062448
hpev_3/LC062429/Japan/Niigata/2008,LC062429
hpev_3/LC027499/Japan/Niigata/2014,LC027499
hpev_3/KC887310/Taiwan/2007,KC887310
hpev_3/LC133381/Japan/Kanagawa/YokohamaCity/2006,LC133381
hpev_3/LC133380/Japan/Kanagawa/YokohamaCity/2006,LC133380
hpev_3/EU360573/Norway/2006,EU360573
hpev_3/KX356648/USA/MO/2014,KX356648
hpev_3/KX356619/USA/MO/2014,KX356619
hpev_3/KX356643/USA/MO/2014,KX356643
hpev_3/KX356627/USA/MO/2014,KX356627
hpev_3/KX356635/USA/MO/2014,KX356635
hpev_3/KX356637/USA/MO/2014,KX356637
hpev_3/KX356613/USA/MO/2014,KX356613
hpev_3/KX356632/USA/MO/2014,KX356632
hpev_3/KX356614/USA/MO/2014,KX356614
hpev_3/KX356654/USA/MO/2014,KX356654
hpev_3/LC259193/Japan/Kanagawa/YokohamaCity/2016,LC259193
hpev_3/LC259183/Japan/Kanagawa/YokohamaCity/2016,LC259183
hpev_3/LC259201/Japan/Kanagawa/YokohamaCity/2016,LC259201
hpev_3/KX356641/USA/MO/2014,KX356641
hpev_3/KX356650/USA/MO/2014,KX356650
hpev_3/KX356620/USA/MO/2014,KX356620
hpev_3/JQ229459/France/Lyon/2010,JQ229459
hpev_3/JQ229449/France/Lyon/2010,JQ229449
hpev_unknown/AB300945//2001,AB300945
hpev_3/KX356652/USA/MO/2014,KX356652
hpev_3/JQ229447/France/Lyon/2010,JQ229447
hpev_3/JQ229437/France/Lyon/2009,JQ229437
hpev_unknown/AB300978//2006,AB300978
hpev_3/LC133387/Japan/Kanagawa/YokohamaCity/2006,LC133387
hpev_3/LC133396/Japan/Kanagawa/YokohamaCity/2007,LC133396
hpev_3/JQ229446/France/Lyon/2010,JQ229446
hpev_unknown/AB300986//2006,AB300986
hpev_3/LC133392/Japan/Kanagawa/YokohamaCity/2006,LC133392
hpev_unknown/AB300981//2006,AB300981
hpev_unknown/AB300983//2006,AB300983
hpev_unknown/AB300982//2006,AB300982
hpev_unknown/AB300984//2006,AB300984
hpev_unknown/AB300976//2006,AB300976
hpev_unknown/AB300975//2006,AB300975
hpev_3/LC276883/Japan/Niigata/2016,LC276883
hpev_unknown/AB300977//2006,AB300977
hpev_unknown/AB300979//2006,AB300979
hpev_3/LC133418/Japan/Kanagawa/YokohamaCity/2011,LC133418
hpev_3/LC133412/Japan/Kanagawa/YokohamaCity/2011,LC133412
hpev_3/LC133375/Japan/Kanagawa/YokohamaCity/2006,LC133375
hpev_unknown/AB300980//2006,AB300980
hpev_unknown/AB300948//2002,AB300948
hpev_3/KX068679/Taiwan/2013,KX068679
hpev_unknown/AB300973//2005,AB300973
hpev_3/AJ889918/Canada/2001,AJ889918
hpev_unknown/AB300953//2004,AB300953
hpev_unknown/AB300944//2001,AB300944
hpev_unknown/AB300933//1999,AB300933
hpev_unknown/AB300930//1999,AB300930
hpev_unknown/AB300934//1999,AB300934
hpev_3/LC062412/Japan/Niigata/2001,LC062412
hpev_3/LC062413/Japan/Niigata/2001,LC062413
hpev_unknown/AB300929//1999,AB300929
hpev_unknown/AB300952//2004,AB300952
hpev_unknown/AB300927//1999,AB300927
hpev_unknown/AB300936//1999,AB300936
hpev_unknown/AB300926//1999,AB300926
hpev_3/AB084913/1999,AB084913
hpev_3/JN129245/Finland/1997,JN129245
hpev_3/GQ183030/Netherlands/1994,GQ183030
hpev_unknown/MF668127/China/Guangzhou/2013,MF668127
hpev_3/KJ796890/HongKong/2005,KJ796890
hpev_3/KY931583/Ghana/2007,KY931583
hpev_unknown/FJ373179/Netherlands/2004,FJ373179
hpev_14/KY931647/Ghana/2007,KY931647
hpev_14/KY931643/Ghana/2007,KY931643
hpev_14/KY931645/Ghana/2007,KY931645
hpev_14/KY931648/Ghana/2007,KY931648
hpev_14/KY931644/Ghana/2007,KY931644
hpev_14/KY931646/Ghana/2007,KY931646
hpev_14/KY931642/Ghana/2007,KY931642
hpev_14/KJ796883/HongKong/2005,KJ796883
hpev_14/KJ796882/HongKong/2005,KJ796882
hpev_14/KM407608/Thailand/2013,KM407608
hpev_14/KJ743666/India/2007,KJ743666
hpev_14/MH094189/2016,MH094189
hpev_14/KJ743659/India/2007,KJ743659
hpev_14/KJ743668/India/2010,KJ743668
hpev_14/KJ743658/India/2006,KJ743658
hpev_10/GQ402516/SriLanka/2005,GQ402516
hpev_10/GQ402515/SriLanka/2005,GQ402515
hpev_10/KJ743656/India/2006,KJ743656
hpev_10/KP974643/Bulgaria/Plovdiv-region/2011,KP974643
hpev_10/KJ743670/India/2010,KJ743670
hpev_10/JX219568/2004,JX219568
hpev_10/KF626457/Pakistan/2008,KF626457
hpev_10/KF626451/Pakistan/2008,KF626451
hpev_10/KF626456/Pakistan/2008,KF626456
hpev_10/KY931641/Ghana/2007,KY931641
hpev_17/KY931652/Ghana/2007,KY931652
hpev_17/KY931654/Ghana/2007,KY931654
hpev_17/KY931656/Ghana/2007,KY931656
hpev_17/KY931655/Ghana/2007,KY931655
hpev_17/KY931657/Ghana/2007,KY931657
hpev_17/KT319121/2014,KT319121
hpev_17/KU885089/UnitedKingdom/2014,KU885089
hpev_3/KJ743671/India/2009,KJ743671
hpev_7/KY931622/Ghana/2007,KY931622
hpev_7/KY931619/Ghana/2007,KY931619
hpev_7/KY931614/Ghana/2007,KY931614
hpev_7/KY931620/Ghana/2007,KY931620
hpev_7/KY931621/Ghana/2007,KY931621
hpev_7/KY931616/Ghana/2007,KY931616
hpev_7/KY931618/Ghana/2007,KY931618
hpev_7/KY931613/Ghana/2007,KY931613
hpev_7/KY931615/Ghana/2007,KY931615
hpev_7/KY931617/Ghana/2007,KY931617
hpev_7/KJ743628/India/2009,KJ743628
hpev_7/EU556224/2007,EU556224
hpev_7/JX219571/Bolivia/2003,JX219571
hpev_7/JX219570/Bolivia/2003,JX219570
hpev_2/FJ648760/Thailand/2005,FJ648760
hpev_4/KY931600/Ghana/2007,KY931600
hpev_4/KY931585/Ghana/2007,KY931585
hpev_5/KX011193/India/2014,KX011193
hpev_5/KX011192/India/2014,KX011192
hpev_5/KJ743682/India/2008,KJ743682
hpev_5/KJ743664/India/2010,KJ743664
hpev_5/KJ743667/India/2007,KJ743667
hpev_5/KJ743663/India/2007,KJ743663
hpev_5/KT319122/Coted/2014,KT319122
hpev_5/KJ796891/HongKong/2005,KJ796891
hpev_5/JX050181/China/2011,JX050181
hpev_5/MF435181/HongKong/2014,MF435181
hpev_5/KJ796895/HongKong/2006,KJ796895
hpev_5/KY067444/China/2015,KY067444
hpev_5/FJ373175/Netherlands/2004,FJ373175
hpev_5/KP974634/Bulgaria/Sofia-region/2011,KP974634
hpev_5/KJ743684/India/2009,KJ743684
hpev_5/KJ743654/India/2008,KJ743654
hpev_5/KJ743675/India/2008,KJ743675
hpev_5/KJ743625/India/2006,KJ743625
hpev_5/KJ743647/India/2007,KJ743647
hpev_5/FJ373172/Netherlands/2004,FJ373172
hpev_5/HQ696576/Brazil/2006,HQ696576
hpev_5/HQ696575/Brazil/2006,HQ696575
hpev_5/KC893395/Netherlands/2007,KC893395
hpev_5/KY931607/Ghana/2007,KY931607
hpev_5/KY931602/Ghana/2007,KY931602
hpev_5/KY931604/Ghana/2007,KY931604
hpev_5/KY931605/Ghana/2007,KY931605
hpev_5/KY931603/Ghana/2007,KY931603
hpev_5/KY931609/Ghana/2007,KY931609
hpev_5/KY931606/Ghana/2007,KY931606
hpev_5/KY931601/Ghana/2007,KY931601
hpev_5/KY931611/Ghana/2007,KY931611
hpev_5/KY931610/Ghana/2007,KY931610
hpev_5/KY931608/Ghana/2007,KY931608
hpev_5/EU077511/2000,EU077511
hpev_5/KU885088/UnitedKingdom/2011,KU885088
hpev_5/FJ373173/Netherlands/2004,FJ373173
hpev_5/AB443848/Netherlands/2005,AB443848
hpev_5/AM235749/California/USA/1992,AM235749
hpev_5/AM933167/California/USA/1983,AM933167
hpev_5/AM234726/California/USA/1981,AM234726
hpev_5/AM234728/California/USA/1982,AM234728
hpev_1/FJ373076/Netherlands/2004,FJ373076
hpev_1/FJ373062/Netherlands/2004,FJ373062
hpev_1/FJ373101/Netherlands/2004,FJ373101
hpev_8/KY931628/Ghana/2007,KY931628
hpev_8/KY931629/Ghana/2007,KY931629
hpev_6/LC062399/Japan/Niigata/2001,LC062399
hpev_6/LC062394/Japan/Niigata/2000,LC062394
hpev_6/LC062396/Japan/Niigata/2001,LC062396
hpev_6/LC062398/Japan/Niigata/2001,LC062398
hpev_2/KU885086/UnitedKingdom/2014,KU885086
hpev_2/AJ005695/1956,AJ005695
hpev_2/LC028050/Japan/2014,LC028050
hpev_2/JX219584/Bolivia/2002,JX219584
hpev_2/JX219583/Bolivia/2002,JX219583
hpev_2/KJ743683/India/2008,KJ743683
hpev_2/KY931577/Ghana/2007,KY931577
hpev_2/KJ743657/India/2006,KJ743657
hpev_4/KC893393/Netherlands/2007,KC893393
hpev_4/KC893400/Netherlands/2007,KC893400
hpev_1/EU077515/Netherlands/2004,EU077515
hpev_1/KC887305/Taiwan/2011,KC887305
hpev_1/LC133453/Japan/Kanagawa/YokohamaCity/2014,LC133453
hpev_4/KF985032/Finland/2012,KF985032
hpev_4/HQ384371/SouthKorea/2009,HQ384371
hpev_1/KC893411/Netherlands/2008,KC893411
hpev_1/FJ373090/Netherlands/2004,FJ373090
hpev_4/KJ796887/HongKong/2005,KJ796887
hpev_4/KJ796889/HongKong/2005,KJ796889
hpev_1/KJ743642/India/2006,KJ743642
hpev_1/KJ743636/India/2008,KJ743636
hpev_1/KJ743681/India/2010,KJ743681
hpev_1/KU884992/UnitedKingdom/2011,KU884992
hpev_1/KJ743680/India/2007,KJ743680
hpev_1/KX011182/India/2014,KX011182
hpev_1/KJ743619/India/2006,KJ743619
hpev_1/MF435273/HongKong/2015,MF435273
hpev_1/MF435270/HongKong/2015,MF435270
hpev_1/KY931560/Ghana/2007,KY931560
hpev_1/S45208/Ohio/USA/1956,S45208
hpev_1/KJ796878/HongKong/2004,KJ796878
hpev_1/FJ648761/Thailand/2005,FJ648761
hpev_1/JX441355/China/2009,JX441355
hpev_1/MF435266/HongKong/2014,MF435266
hpev_1/MF435264/HongKong/2014,MF435264
hpev_1/MF435265/HongKong/2015,MF435265
hpev_4/FJ373201/Netherlands/2006,FJ373201
hpev_4/FJ373202/Netherlands/2007,FJ373202
hpev_4/EU077521/Netherlands/2006,EU077521
hpev_4/KU885087/UnitedKingdom/2011,KU885087
hpev_4/KC893369/Netherlands/2009,KC893369
hpev_4/KC893365/Netherlands/2009,KC893365
hpev_4/KC893420/Netherlands/2008,KC893420
hpev_13/KF626455/Pakistan/2008,KF626455
hpev_4/MF435191/HongKong/2015,MF435191
hpev_4/MF435189/HongKong/2014,MF435189
hpev_4/MF435190/HongKong/2015,MF435190
hpev_4/MF435188/HongKong/2016,MF435188
hpev_4/KC893396/Netherlands/2007,KC893396
hpev_4/KC893410/Netherlands/2008,KC893410
hpev_15/KF626458/Pakistan/2008,KF626458
hpev_15/KF626452/Pakistan/2008,KF626452
hpev_15/KF626461/Pakistan/2008,KF626461
hpev_15/KF626453/Pakistan/2008,KF626453
hpev_15/KF626460/Pakistan/2008,KF626460
hpev_15/KF626459/Pakistan/2008,KF626459
hpev_15/KY931649/Ghana/2007,KY931649
hpev_unknown/GQ149453/Thailand/2005,GQ149453
hpev_1/HQ163881/SriLanka/2006,HQ163881
hpev_1/MF435248/HongKong/2014,MF435248
hpev_1/MF435245/HongKong/2015,MF435245
hpev_1/MF435242/HongKong/2014,MF435242
hpev_1/MF435238/HongKong/2014,MF435238
hpev_1/MF435237/HongKong/2014,MF435237
hpev_1/KC893363/Netherlands/2009,KC893363
hpev_1/MF435205/HongKong/2015,MF435205
hpev_1/MF435203/HongKong/2015,MF435203
hpev_1/JN129193/Finland/2000,JN129193
hpev_1/HQ384369/SouthKorea/2009,HQ384369
hpev_1/MF435240/HongKong/2014,MF435240
hpev_1/FJ373106/Netherlands/2004,FJ373106
hpev_4/KC893394/Netherlands/2007,KC893394
hpev_1/FM178558/2003,FM178558
hpev_1/KT626011/Taiwan/2012,KT626011
hpev_unknown/AB112486//1999,AB112486
hpev_4/KC893405/Netherlands/2008,KC893405
hpev_4/KC893389/Netherlands/2007,KC893389
hpev_4/KC893379/Netherlands/2007,KC893379
hpev_4/KC893380/Netherlands/2007,KC893380
hpev_4/KC893381/Netherlands/2007,KC893381
hpev_4/KC893386/Netherlands/2007,KC893386
hpev_4/KC893391/Netherlands/2007,KC893391
hpev_4/FJ373206/Netherlands/2007,FJ373206
hpev_4/JQ229465/France/Guadeloupe/Fort-de-France/2008,JQ229465
hpev_4/FJ373167/Netherlands/2004,FJ373167
hpev_4/FJ373168/Netherlands/2004,FJ373168
hpev_4/FJ373169/Netherlands/2004,FJ373169
hpev_4/KC893372/Netherlands/2007,KC893372
hpev_4/KC893356/Netherlands/2009,KC893356
hpev_4/KC893387/Netherlands/2007,KC893387
hpev_4/LC028040/Japan/2014,LC028040
hpev_4/JQ229464/France/Lyon/2008,JQ229464
hpev_4/HQ163875/SriLanka/2005,HQ163875
hpev_4/HQ163869/SriLanka/2005,HQ163869
hpev_4/FJ373171/Netherlands/2004,FJ373171
hpev_1/MF435261/HongKong/2015,MF435261
hpev_4/LC133461/Japan/Kanagawa/YokohamaCity/2015,LC133461
hpev_4/KY931599/Ghana/2007,KY931599
hpev_4/KY931589/Ghana/2007,KY931589
hpev_8/KJ743660/India/2010,KJ743660
hpev_1/FJ373116/Netherlands/2004,FJ373116
hpev_1/MF435213/HongKong/2015,MF435213
hpev_1/MF435209/HongKong/2015,MF435209
hpev_1/KU885000/UnitedKingdom/2014,KU885000
hpev_6/KJ743687/India/2008,KJ743687
hpev_4/HQ163879/SriLanka/2006,HQ163879
hpev_4/FJ373163/Netherlands/2004,FJ373163
hpev_2/KY931580/Ghana/2007,KY931580
hpev_1/FJ373109/Netherlands/2004,FJ373109
hpev_6/KC887324/Taiwan/2008,KC887324
hpev_1/FJ648745/Japan/2007,FJ648745
hpev_1/JN129191/Finland/2000,JN129191
hpev_1/FJ373071/Netherlands/2004,FJ373071
hpev_1/JN129253/Finland/1999,JN129253
hpev_1/JN129234/Finland/2005,JN129234
hpev_1/JN129220/Finland/2004,JN129220
hpev_1/JN129206/Finland/2002,JN129206
hpev_1/EU360540/Norway/2005,EU360540
hpev_1/FJ373122/Netherlands/2004,FJ373122
hpev_1/FJ373070/Netherlands/2004,FJ373070
hpev_1/JN129236/Finland/2006,JN129236
hpev_1/EU360553/Norway/2005,EU360553
hpev_1/JN129188/Finland/2000,JN129188
hpev_1/JN129242/Finland/1997,JN129242
hpev_1/JN129251/Finland/1999,JN129251
hpev_1/JF799975/Hungary/2004,JF799975
hpev_4/KJ743662/India/2006,KJ743662
hpev_4/KJ743617/India/2007,KJ743617
hpev_4/KJ743655/India/2008,KJ743655
hpev_4/MF435187/HongKong/2015,MF435187
hpev_1/KY931553/Ghana/2007,KY931553
hpev_1/KT626006/Taiwan/2010,KT626006
hpev_1/KC887290/Taiwan/2012,KC887290
hpev_1/KC887298/Taiwan/2012,KC887298
hpev_1/MF435219/HongKong/2015,MF435219
hpev_1/KY931552/Ghana/2007,KY931552
hpev_1/KY931562/Ghana/2007,KY931562
hpev_1/KJ743623/India/2008,KJ743623
hpev_1/LC062506/Japan/Niigata/2014,LC062506
hpev_1/KC887307/Taiwan/2011,KC887307
hpev_1/KC887292/Taiwan/2012,KC887292
hpev_1/MF435226/HongKong/2015,MF435226
hpev_1/KU884998/UnitedKingdom/2009,KU884998
hpev_1/KY931569/Ghana/2007,KY931569
hpev_4/HQ163870/SriLanka/2005,HQ163870
hpev_4/KC893358/Netherlands/2009,KC893358
hpev_4/LC259313/Japan/Yamagata/2016,LC259313
hpev_4/KY931587/Ghana/2007,KY931587
hpev_4/KC893392/Netherlands/2007,KC893392
hpev_4/KJ743685/India/2009,KJ743685
hpev_4/KF985030/Finland/2012,KF985030
hpev_4/KF985029/Finland/2012,KF985029
hpev_4/KF985031/Finland/2012,KF985031
hpev_4/KY404169/Finland/2012,KY404169
hpev_4/KY404170/Finland/2012,KY404170
hpev_4/KY404171/Finland/2012,KY404171
hpev_4/KJ743678/India/2007,KJ743678
hpev_4/FJ373166/Netherlands/2004,FJ373166
hpev_4/FJ373165/Netherlands/2004,FJ373165
hpev_4/HQ384370/SouthKorea/2009,HQ384370
hpev_4/FJ648755/Thailand/2005,FJ648755
hpev_4/KC893367/Netherlands/2009,KC893367
hpev_4/JQ229466/France/Brest/2010,JQ229466
hpev_4/KT626010/Taiwan/2011,KT626010
hpev_4/AB433629/Japan/Fukuoka/2005,AB433629
hpev_4/FJ373170/Netherlands/2004,FJ373170
hpev_8/KY931632/Ghana/2007,KY931632
hpev_8/KY931633/Ghana/2007,KY931633
hpev_8/KY931630/Ghana/2007,KY931630
hpev_8/KY931634/Ghana/2007,KY931634
hpev_8/KY931626/Ghana/2007,KY931626
hpev_8/KY931624/Ghana/2007,KY931624
hpev_8/KY931631/Ghana/2007,KY931631
hpev_8/KY931625/Ghana/2007,KY931625
hpev_1/GU125393/Hungary/1993,GU125393
hpev_1/KJ796877/HongKong/2004,KJ796877
hpev_4/MF435192/HongKong/2015,MF435192
hpev_2/KY931581/Ghana/2007,KY931581
hpev_2/KY931579/Ghana/2007,KY931579
hpev_2/KY931582/Ghana/2007,KY931582
hpev_2/KY931578/Ghana/2007,KY931578
hpev_2/KJ743669/India/2009,KJ743669
hpev_2/AB443763/Netherlands/2001,AB443763
hpev_1/MF435247/HongKong/2015,MF435247
hpev_1/MF435258/HongKong/2014,MF435258
hpev_1/MF435249/HongKong/2016,MF435249
hpev_4/KY931586/Ghana/2007,KY931586
hpev_4/KY931594/Ghana/2007,KY931594
hpev_4/KY931590/Ghana/2007,KY931590
hpev_1/LC062476/Japan/Niigata/2007,LC062476
hpev_1/JX575746/SouthKorea/2011,JX575746
hpev_4/AM933168/California/USA/1979,AM933168
hpev_4/AM235750/California/USA/1979,AM235750
hpev_4/MF435183/HongKong/2015,MF435183
hpev_4/MF435186/HongKong/2015,MF435186
hpev_4/MF435185/HongKong/2015,MF435185
hpev_4/MF435184/HongKong/2015,MF435184
hpev_4/MF435182/HongKong/2015,MF435182
hpev_4/GU125398/Hungary/1999,GU125398
hpev_4/GU125397/Hungary/1999,GU125397
hpev_4/LC133462/Japan/Kanagawa/YokohamaCity/2015,LC133462
hpev_4/AM933169/California/USA/1975,AM933169
hpev_4/AB434673/Japan/Niigata/1993,AB434673
hpev_4/LC027516/Japan/Niigata/2014,LC027516
hpev_4/AB433630/Japan/Fukuoka/2001,AB433630
hpev_4/MF435193/HongKong/2015,MF435193
hpev_4/MF435194/HongKong/2016,MF435194
hpev_4/FJ373186/Netherlands/2005,FJ373186
hpev_4/KC893359/Netherlands/2009,KC893359
hpev_4/KJ796892/HongKong/2006,KJ796892
hpev_4/KY931593/Ghana/2007,KY931593
hpev_4/KY931598/Ghana/2007,KY931598
hpev_4/KY931591/Ghana/2007,KY931591
hpev_4/JX219590/Bolivia/2003,JX219590
hpev_4/JX219589/Bolivia/2002,JX219589
hpev_4/JX219587/Bolivia/2003,JX219587
hpev_4/JX219586/Bolivia/2003,JX219586
hpev_4/JX219585/Bolivia/2003,JX219585
hpev_4/KY931592/Ghana/2007,KY931592
hpev_4/KY931588/Ghana/2007,KY931588
hpev_4/KY931595/Ghana/2007,KY931595
hpev_4/KY931596/Ghana/2007,KY931596
hpev_4/KY931597/Ghana/2007,KY931597
hpev_4/KJ743652/India/2009,KJ743652
hpev_4/KJ743622/India/2007,KJ743622
hpev_5/AM234724/California/USA/1983,AM234724
hpev_5/AF055846/Ohio/USA/1986,AF055846
hpev_8/KY931627/Ghana/2007,KY931627
hpev_8/KY931623/Ghana/2007,KY931623
hpev_8/KJ743624/India/2007,KJ743624
hpev_8/EU716175/2006,EU716175
hpev_8/KP974632/Bulgaria/Stara/Zagora-region/2011,KP974632
hpev_9/KY931639/Ghana/2007,KY931639
hpev_9/KY931636/Ghana/2007,KY931636
hpev_9/KY931638/Ghana/2007,KY931638
hpev_9/KY931635/Ghana/2007,KY931635
hpev_9/KY931637/Ghana/2007,KY931637
hpev_9/JX219575/2004,JX219575
hpev_9/JX219578/Bolivia/2002,JX219578
hpev_9/JX219577/Bolivia/2002,JX219577
hpev_9/JX219576/Bolivia/2002,JX219576
hpev_13/KF626462/Pakistan/2008,KF626462
hpev_13/KF626454/Pakistan/2008,KF626454
hpev_13/KF626450/Pakistan/2008,KF626450
hpev_13/JX219579/2005,JX219579
hpev_16/JX219580/2008,JX219580
hpev_16/KJ743661/India/2008,KJ743661
hpev_16/KJ743665/India/2008,KJ743665
hpev_6/KY931612/Ghana/2007,KY931612
hpev_1/EU360555/Norway/2005,EU360555
hpev_unknown/AB112487//2000,AB112487
hpev_unknown/AB112485//1999,AB112485
hpev_1/FJ373074/Netherlands/2004,FJ373074
hpev_1/KC893408/Netherlands/2008,KC893408
hpev_6/KJ743686/India/2007,KJ743686
hpev_2/AB443808/Netherlands/2003,AB443808
hpev_11/JX219574/2004,JX219574
hpev_6/JN129205/Finland/2002,JN129205
hpev_1/LC133456/Japan/Kanagawa/YokohamaCity/2014,LC133456
hpev_6/EU360541/Norway/2005,EU360541
hpev_2/KX011189/India/2014,KX011189
hpev_12/JX219567/Bangladesh/2004,JX219567
hpev_12/JX219566/2002,JX219566
hpev_1/GQ183024/Netherlands/1994,GQ183024
hpev_1/HQ163874/SriLanka/2005,HQ163874
hpev_1/KU884984/UnitedKingdom/2009,KU884984
hpev_1/LC062453/Japan/Niigata/1998,LC062453
hpev_1/FJ648747/Japan/2007,FJ648747
hpev_1/LC133455/Japan/Kanagawa/YokohamaCity/2014,LC133455
hpev_1/LC062500/Japan/Niigata/2014,LC062500
hpev_1/LC133460/Japan/Kanagawa/YokohamaCity/2015,LC133460
hpev_1/AB920401/Japan/Okinawa/2013,AB920401
hpev_1/KF300773/Denmark/2010,KF300773
hpev_1/LC133443/Japan/Kanagawa/YokohamaCity/2005,LC133443
hpev_1/FJ648752/Japan/2007,FJ648752
hpev_1/LC062458/Japan/Niigata/2001,LC062458
hpev_1/LC062455/Japan/Niigata/2000,LC062455
hpev_11/HQ163877/SriLanka/2006,HQ163877
hpev_11/HQ163873/SriLanka/2005,HQ163873
hpev_11/KJ743688/India/2006,KJ743688
hpev_6/LC062403/Japan/Niigata/2008,LC062403
hpev_2/KX011190/India/2014,KX011190
hpev_6/LC062395/Japan/Niigata/2001,LC062395
hpev_6/FJ373178/Netherlands/2004,FJ373178
hpev_6/HQ696577/Brazil/2006,HQ696577
hpev_6/FJ373176/Netherlands/2004,FJ373176
hpev_6/LC062404/Japan/Niigata/2013,LC062404
hpev_6/JN129203/Finland/2001,JN129203
hpev_6/FJ652382/USA/Wisconsin/2004,FJ652382
hpev_6/FM242868/Finland/Tampere/2001,FM242868
hpev_6/LC062400/Japan/Niigata/2001,LC062400
hpev_6/LC062393/Japan/Niigata/2000,LC062393
hpev_1/MF435255/HongKong/2014,MF435255
hpev_6/MF435196/HongKong/2014,MF435196
hpev_6/MF435195/HongKong/2015,MF435195
hpev_6/AB252582/2000,AB252582
hpev_6/KC887323/Taiwan/2008,KC887323
hpev_1/FJ373093/Netherlands/2004,FJ373093
hpev_1/FJ373083/Netherlands/2004,FJ373083
hpev_1/KU885008/UnitedKingdom/2015,KU885008
hpev_1/FJ373131/Netherlands/2004,FJ373131
hpev_1/FJ373114/Netherlands/2004,FJ373114
hpev_1/FJ373092/Netherlands/2004,FJ373092
hpev_1/HQ384366/SouthKorea/2009,HQ384366
hpev_1/GQ183019/Netherlands/2002,GQ183019
hpev_1/AB443817/Netherlands/2003,AB443817
hpev_1/LC062497/Japan/Niigata/2013,LC062497
hpev_1/MF435254/HongKong/2014,MF435254
hpev_1/MF435231/HongKong/2015,MF435231
hpev_1/FJ373065/Netherlands/2004,FJ373065
hpev_1/FJ840477/China/2008,FJ840477
hpev_1/KJ743649/India/2007,KJ743649
hpev_6/FJ373177/Netherlands/2004,FJ373177
hpev_6/KC893360/Netherlands/2009,KC893360
hpev_6/FJ888592/China/2009,FJ888592
hpev_6/LC062401/Japan/Niigata/2001,LC062401
hpev_6/LC062397/Japan/Niigata/2001,LC062397
hpev_18/KY931660/Ghana/2007,KY931660
hpev_18/KY931658/Ghana/2007,KY931658
hpev_18/KY931659/Ghana/2007,KY931659
hpev_2/HM996978/Germany/2008,HM996978
hpev_15/KY931651/Ghana/2007,KY931651
hpev_15/KY931650/Ghana/2007,KY931650
